id,title_ko,title_en,event_type_ko,event_type_en,date_start,date_end,location_ko,location_en,scale,comment_ko,comment_en,main_image,sub_images,region,display_order,created_at,updated_at,is_international,is_pinned
306,2022 상용표준물질 개발-보급사업 기술 세미나,2022 Certified Reference Materials Development & Distribution Technical Seminar,세미나,Seminar,2022-06-16,2022-06-16,킨텍스,"KINTEX, Goyang",중규모,표준물질 기술 전문가들이 한자리에 모인 산업 세미나,Industry seminar bringing together experts in certified reference materials technology,https://ztqxwbagbqenrcvjrkrh.supabase.co/storage/v1/object/public/portfolio/1774591956817-nbnngje4ni.jpg,"[""https://ztqxwbagbqenrcvjrkrh.supabase.co/storage/v1/object/public/portfolio/1774591964925-zko0oztsuf.jpg"",""https://ztqxwbagbqenrcvjrkrh.supabase.co/storage/v1/object/public/portfolio/1774591989657-ca8iy72o2je.jpg"",""https://ztqxwbagbqenrcvjrkrh.supabase.co/storage/v1/object/public/portfolio/1774592001044-1uhmgyy26nw.jpg""]",KR,1,2026-03-24 06:16:33.152+00,2026-03-27 06:13:24.427+00,false,false
307,김영춘 출판기념 사진전,Kim Young-chun Publication Commemorative Photo Exhibition,기타,Other,2022-02-14,2022-02-14,센터마크호텔,"Center Mark Hotel, Seoul",소규모,출판기념을 축하하는 사진전 스태프 명찰 발급 진행,Staff badge issuance for a commemorative photo exhibition,https://ztqxwbagbqenrcvjrkrh.supabase.co/storage/v1/object/public/portfolio/1774592296006-qg98j4ebig.jpg,"[""https://ztqxwbagbqenrcvjrkrh.supabase.co/storage/v1/object/public/portfolio/1774592341382-3vqkcomx49q.jpg"",""https://ztqxwbagbqenrcvjrkrh.supabase.co/storage/v1/object/public/portfolio/1774592371177-ku8cpbt0cn.jpg"",""https://ztqxwbagbqenrcvjrkrh.supabase.co/storage/v1/object/public/portfolio/1774592384297-li00soqke49.jpg""]",KR,2,2026-03-24 06:16:33.152+00,2026-03-27 06:19:48.369+00,false,false
308,2022 글로벌 푸드 트렌드&테크 컨퍼런스,2022 Global Food Trend & Tech Conference,컨퍼런스,Conference,2022-06-07,2022-06-07,킨텍스,"KINTEX, Goyang",중규모,국내외 푸드테크 산업 리더들이 모인 글로벌 컨퍼런스,Global conference gathering food-tech industry leaders from Korea and abroad,https://ztqxwbagbqenrcvjrkrh.supabase.co/storage/v1/object/public/portfolio/1774592111197-f96fsj3nner.jpg,"[""https://ztqxwbagbqenrcvjrkrh.supabase.co/storage/v1/object/public/portfolio/1774592131241-o7vp7o3d3a.jpg"",""https://ztqxwbagbqenrcvjrkrh.supabase.co/storage/v1/object/public/portfolio/1774592178931-qbg9tfuo43c.jpg"",""https://ztqxwbagbqenrcvjrkrh.supabase.co/storage/v1/object/public/portfolio/1774592196621-y72ggmk5bi.jpg""]",KR,3,2026-03-24 06:16:33.152+00,2026-03-27 06:16:41.836+00,true,false
309,CCC (Creators Community Club),CCC (Creators Community Club),기타,Other,2022-07-28,2022-07-28,성수 데어바타테,"Daearbatate, Seongsu, Seoul",소규모,크리에이터 커뮤니티 팝업 행사 명찰 발급 진행,Badge issuance for a creators community pop-up event,https://ztqxwbagbqenrcvjrkrh.supabase.co/storage/v1/object/public/portfolio/1774591519145-1xlpq0iwqx7.jpg,"[""https://ztqxwbagbqenrcvjrkrh.supabase.co/storage/v1/object/public/portfolio/1774591610454-iu1617vvga.jpg"",""https://ztqxwbagbqenrcvjrkrh.supabase.co/storage/v1/object/public/portfolio/1774591622653-zeey1kp72g.jpg"",""https://ztqxwbagbqenrcvjrkrh.supabase.co/storage/v1/object/public/portfolio/1774591668094-h70narimc98.jpg""]",KR,4,2026-03-24 06:16:33.152+00,2026-03-27 06:07:51.309+00,false,false
310,2022 국제ESG협회 ESG포럼,2022 International ESG Association ESG Forum,포럼,Forum,2022-08-29,2022-08-29,대한상공회의소,"Korea Chamber of Commerce & Industry, Seoul",중규모,ESG 경영 확산을 위한 국제 포럼,International forum for the advancement of ESG management practices,https://ztqxwbagbqenrcvjrkrh.supabase.co/storage/v1/object/public/portfolio/1774591290425-pgpno38dtpd.jpg,"[""https://ztqxwbagbqenrcvjrkrh.supabase.co/storage/v1/object/public/portfolio/1774591303664-miv5jlaatxn.jpg"",""https://ztqxwbagbqenrcvjrkrh.supabase.co/storage/v1/object/public/portfolio/1774591341082-c56qqscyptk.jpg"",""https://ztqxwbagbqenrcvjrkrh.supabase.co/storage/v1/object/public/portfolio/1774591359932-p89lq0rgccj.jpg""]",KR,5,2026-03-24 06:16:33.152+00,2026-03-27 06:02:43.264+00,true,false
311,2022 스마트 국토엑스포,2022 Smart Land Expo,박람회,Expo,2022-11-02,2022-11-04,킨텍스,"KINTEX, Goyang",대규모,국토 스마트화 기술을 한눈에 볼 수 있는 대형 엑스포,Large-scale expo showcasing smart land and infrastructure technologies,https://ztqxwbagbqenrcvjrkrh.supabase.co/storage/v1/object/public/portfolio/1774591110021-d4a0x6tyqvi.jpg,"[""https://ztqxwbagbqenrcvjrkrh.supabase.co/storage/v1/object/public/portfolio/1774591123135-2zyxqfxb2i.jpg"",""https://ztqxwbagbqenrcvjrkrh.supabase.co/storage/v1/object/public/portfolio/1774591170901-7j7mcqwli6m.jpg"",""https://ztqxwbagbqenrcvjrkrh.supabase.co/storage/v1/object/public/portfolio/1774591228919-fsnfsp6jaec.jpg""]",KR,6,2026-03-24 06:16:33.152+00,2026-03-27 06:00:32.019+00,false,false
312,세계경제연구원 우리금융그룹 국제컨퍼런스,Institute for Global Economics & Woori Financial Group International Conference,컨퍼런스,Conference,2022-11-03,2022-11-03,신라호텔,"Shilla Hotel, Seoul",중규모,글로벌 경제 현안을 논의하는 국제 금융 컨퍼런스,International finance conference addressing global economic issues,https://ztqxwbagbqenrcvjrkrh.supabase.co/storage/v1/object/public/portfolio/1774592787459-4xo1tkhklxu.jpg,"[""https://ztqxwbagbqenrcvjrkrh.supabase.co/storage/v1/object/public/portfolio/1774592975960-nrmm0ql3cl.jpg"",""https://ztqxwbagbqenrcvjrkrh.supabase.co/storage/v1/object/public/portfolio/1774592985108-wqf5li4v7r.jpg""]",KR,7,2026-03-24 06:16:33.152+00,2026-03-27 06:30:41.465+00,true,false
313,KME 2022,KME 2022,컨퍼런스,Conference,2022-11-09,2022-11-11,송도컨벤시아,"Songdo Convensia, Incheon",대규모,국내 최대 마케팅 엑스포 전시사 및 참가자 명찰 발급,Badge issuance for exhibitors and attendees at Korea's leading marketing expo,https://ztqxwbagbqenrcvjrkrh.supabase.co/storage/v1/object/public/portfolio/1774590885917-hoxrfymee8l.jpg,"[""https://ztqxwbagbqenrcvjrkrh.supabase.co/storage/v1/object/public/portfolio/1774590895834-aujev1d6pov.jpg"",""https://ztqxwbagbqenrcvjrkrh.supabase.co/storage/v1/object/public/portfolio/1774590904296-hs6e0yx3nbj.jpg"",""https://ztqxwbagbqenrcvjrkrh.supabase.co/storage/v1/object/public/portfolio/1774590936211-rumejwzm2y.jpg""]",KR,8,2026-03-24 06:16:33.152+00,2026-03-27 05:55:54.819+00,false,false
314,한-스페인 비즈니스 포럼,Korea-Spain Business Forum,포럼,Forum,2022-11-18,2022-11-18,포시즌스 호텔,"Four Seasons Hotel, Seoul",소규모,한국과 스페인 간 비즈니스 협력을 위한 양자 포럼,Bilateral forum fostering business cooperation between Korea and Spain,https://ztqxwbagbqenrcvjrkrh.supabase.co/storage/v1/object/public/portfolio/1774590444032-mgpbrhz6wyg.jpg,"[""https://ztqxwbagbqenrcvjrkrh.supabase.co/storage/v1/object/public/portfolio/1774590397051-ghslzhd4smi.jpg"",""https://ztqxwbagbqenrcvjrkrh.supabase.co/storage/v1/object/public/portfolio/1774590451748-b126vsa7exc.jpg""]",KR,9,2026-03-24 06:16:33.152+00,2026-03-27 05:47:36.858+00,true,false
315,2022 EVENT AWARD & SYMPOSIUM,2022 Event Award & Symposium,,,2022-11-23,2022-11-23,중소기업DMC타워 DMC홀,"DMC Tower, Seoul",중규모,이벤트 산업 우수 사례를 시상하는 어워드 심포지엄,Award symposium recognizing excellence in the events industry,https://ztqxwbagbqenrcvjrkrh.supabase.co/storage/v1/object/public/portfolio/1774589691337-pjpiy4gnp1j.jpg,"[""https://ztqxwbagbqenrcvjrkrh.supabase.co/storage/v1/object/public/portfolio/1774589654809-zrez0200jc7.jpg"",""https://ztqxwbagbqenrcvjrkrh.supabase.co/storage/v1/object/public/portfolio/1774589676003-f79evgn6179.jpg"",""https://ztqxwbagbqenrcvjrkrh.supabase.co/storage/v1/object/public/portfolio/1774589709017-as82ztxphsh.jpg""]",KR,10,2026-03-24 06:16:33.152+00,2026-03-27 05:35:12.784+00,false,false
316,제7차 국가관광전략회의,7th National Tourism Strategy Conference,컨퍼런스,Conference,2022-12-12,2022-12-12,한국관광공사 하이커그라운드,"Korea Tourism Organization HiKR Ground, Seoul",소규모,국가 관광 정책 방향을 논의하는 정부 전략회의,Government strategy conference on national tourism policy direction,https://ztqxwbagbqenrcvjrkrh.supabase.co/storage/v1/object/public/portfolio/1774588957462-qsg2myqrla8.jpg,"[""https://ztqxwbagbqenrcvjrkrh.supabase.co/storage/v1/object/public/portfolio/1774588978440-7ann19u46ej.jpg"",""https://ztqxwbagbqenrcvjrkrh.supabase.co/storage/v1/object/public/portfolio/1774589024349-t5fnu9kcpw9.jpg"",""https://ztqxwbagbqenrcvjrkrh.supabase.co/storage/v1/object/public/portfolio/1774589056246-vsxtm4bc3zf.jpg""]",KR,11,2026-03-24 06:16:33.152+00,2026-03-27 05:24:20.442+00,false,false
317,한중 지방정부 협력 교류회,Korea-China Local Government Cooperation Exchange,네트워킹,Networking,2022-12-13,2022-12-13,그랜드 인터컨티넨탈 서울 파르나스,Grand InterContinental Seoul Parnas,소규모,한국과 중국 지방정부 간 협력 네트워킹 교류회,Networking exchange between Korean and Chinese local governments,https://ztqxwbagbqenrcvjrkrh.supabase.co/storage/v1/object/public/portfolio/1774589329522-2x8m8u39az.jpg,"[""https://ztqxwbagbqenrcvjrkrh.supabase.co/storage/v1/object/public/portfolio/1774589343985-69kgqd2hebd.jpg"",""https://ztqxwbagbqenrcvjrkrh.supabase.co/storage/v1/object/public/portfolio/1774589378931-i1uioor1rl8.jpg"",""https://ztqxwbagbqenrcvjrkrh.supabase.co/storage/v1/object/public/portfolio/1774589424431-gpu8vb9ilof.jpg""]",KR,12,2026-03-24 06:16:33.152+00,2026-03-27 05:30:28.536+00,true,false
318,MICE DT 우수사례 발표회,MICE Digital Transformation Best Practice Showcase,컨퍼런스,Conference,2022-12-14,2022-12-14,SKY컨벤션오디토리움,"SKY Convention Auditorium, Seoul",소규모,MICE 산업 디지털 전환 우수 사례를 공유하는 발표회,Showcase presenting best practices in MICE industry digital transformation,https://ztqxwbagbqenrcvjrkrh.supabase.co/storage/v1/object/public/portfolio/1774588824567-jbyyqj3p9gp.jpg,"[""https://ztqxwbagbqenrcvjrkrh.supabase.co/storage/v1/object/public/portfolio/1774588833651-8z20qm9n3sp.jpg"",""https://ztqxwbagbqenrcvjrkrh.supabase.co/storage/v1/object/public/portfolio/1774588841259-u2cxlceq7a.jpg"",""https://ztqxwbagbqenrcvjrkrh.supabase.co/storage/v1/object/public/portfolio/1774588859589-1z38w505huvi.jpg""]",KR,13,2026-03-24 06:16:33.152+00,2026-03-27 05:21:04.605+00,false,false
319,2022 대한민국 마케팅 데이,2022 Korea Marketing Day,컨퍼런스,Conference,2022-12-14,2022-12-14,코엑스 아셈볼룸,"COEX ASEM Ballroom, Seoul",대규모,마케팅 업계 종사자들이 한자리에 모이는 연례 컨퍼런스,Annual conference bringing together marketing industry professionals,https://ztqxwbagbqenrcvjrkrh.supabase.co/storage/v1/object/public/portfolio/1774588475036-32wkv2mhydz.jpg,"[""https://ztqxwbagbqenrcvjrkrh.supabase.co/storage/v1/object/public/portfolio/1774588491049-9861fjve3.jpg"",""https://ztqxwbagbqenrcvjrkrh.supabase.co/storage/v1/object/public/portfolio/1774588508014-ngmwtgxewes.jpg"",""https://ztqxwbagbqenrcvjrkrh.supabase.co/storage/v1/object/public/portfolio/1774588548841-6ksmrymr2xr.jpg""]",KR,14,2026-03-24 06:16:33.152+00,2026-03-27 05:15:54.091+00,false,false
320,2023 한국전시서비스업협회 네트워킹 및 만찬회,2023 Korea Exhibition Services Association Networking & Dinner,네트워킹,Networking,2023-02-08,2023-02-08,코엑스 컨퍼런스룸,"COEX Conference Room, Seoul",소규모,전시 서비스 업계 종사자들의 연례 네트워킹 만찬,Annual networking dinner for exhibition services industry professionals,https://ztqxwbagbqenrcvjrkrh.supabase.co/storage/v1/object/public/portfolio/1774402843471-3oa5pzoymh6.jpg,"[""https://ztqxwbagbqenrcvjrkrh.supabase.co/storage/v1/object/public/portfolio/1774402854105-1b2avmycvhi.jpg"",""https://ztqxwbagbqenrcvjrkrh.supabase.co/storage/v1/object/public/portfolio/1774402866280-oui9gdbqghn.jpg"",""https://ztqxwbagbqenrcvjrkrh.supabase.co/storage/v1/object/public/portfolio/1774402879004-37ijzls1fdy.jpg""]",KR,15,2026-03-24 06:16:33.152+00,2026-03-25 01:41:22.689+00,false,false
321,제1회 마이스 테크 포럼,1st MICE Tech Forum,포럼,Forum,2023-02-22,2023-02-22,서울창업허브 엠플러스,"Seoul Startup Hub M+, Seoul",소규모,MICE 산업과 기술의 융합을 논의하는 첫 번째 포럼,Inaugural forum exploring the convergence of technology and MICE industry,https://ztqxwbagbqenrcvjrkrh.supabase.co/storage/v1/object/public/portfolio/1774402961341-lhn5wlmdrqd.jpg,"[""https://ztqxwbagbqenrcvjrkrh.supabase.co/storage/v1/object/public/portfolio/1774402966480-wcctgfvf0e.jpg"",""https://ztqxwbagbqenrcvjrkrh.supabase.co/storage/v1/object/public/portfolio/1774402991426-in5w95is1qf.jpg"",""https://ztqxwbagbqenrcvjrkrh.supabase.co/storage/v1/object/public/portfolio/1774403021698-l3xg1uy0je8.jpg""]",KR,17,2026-03-24 06:16:33.152+00,2026-03-25 01:43:51.383+00,false,false
322,김승호의 기초사장학개론,Kim Seung-ho's Fundamentals of Entrepreneurship,세미나,Seminar,2023-02-25,2023-02-25,포스코센터,"POSCO Center, Seoul",대규모,베스트셀러 작가 김승호의 창업 강연 행사,Entrepreneurship lecture event by bestselling author Kim Seung-ho,https://ztqxwbagbqenrcvjrkrh.supabase.co/storage/v1/object/public/portfolio/1774404145596-mtazgzmpybk.jpg,"[""https://ztqxwbagbqenrcvjrkrh.supabase.co/storage/v1/object/public/portfolio/1774403500759-nbzai449308.jpg"",""https://ztqxwbagbqenrcvjrkrh.supabase.co/storage/v1/object/public/portfolio/1774403525838-3musaswrovs.jpg"",""https://ztqxwbagbqenrcvjrkrh.supabase.co/storage/v1/object/public/portfolio/1774404176220-oop41guk8f.jpg""]",KR,18,2026-03-24 06:16:33.152+00,2026-03-25 02:03:03.645+00,false,false
323,2023 서울특별시 치과기공사회 학술대회,2023 Seoul Dental Technicians Association Academic Conference,학술대회,Academic Conference,2023-04-08,2023-04-08,더케이호텔,"The K Hotel, Seoul",중규모,치과기공 분야 최신 연구와 기술을 공유하는 학술대회,Academic conference sharing the latest research and techniques in dental technology,https://ztqxwbagbqenrcvjrkrh.supabase.co/storage/v1/object/public/portfolio/1774403898063-mj95870ouu.jpg,"[""https://ztqxwbagbqenrcvjrkrh.supabase.co/storage/v1/object/public/portfolio/1774403912343-pwggkxhr1x.jpg"",""https://ztqxwbagbqenrcvjrkrh.supabase.co/storage/v1/object/public/portfolio/1774404036304-5gvdtllpram.jpg"",""https://ztqxwbagbqenrcvjrkrh.supabase.co/storage/v1/object/public/portfolio/1774404055206-3tmao05343o.jpg""]",KR,19,2026-03-24 06:16:33.152+00,2026-03-25 02:00:59.838+00,false,false
324,ASK 2023,ASK 2023 (Alterative & Smart Korea Conference),컨퍼런스,Conference,2023-05-17,2023-05-19,콘래드 서울,Conrad Seoul,대규모,국내외 대체투자 및 스마트 금융 업계가 모이는 대형 컨퍼런스,Large-scale conference for alternative investment and smart finance professionals,,[],KR,20,2026-03-24 06:16:33.152+00,2026-03-24 06:16:33.152+00,true,false
325,2023 제1회 춘천창업엑스포,2023 1st Chuncheon Startup Expo,박람회,Expo,2023-05-19,2023-05-19,춘천 애니메이션박물관,"Chuncheon Animation Museum, Chuncheon",중규모,강원 지역 창업 생태계를 한눈에 볼 수 있는 첫 번째 엑스포,Inaugural expo showcasing the startup ecosystem of Gangwon Province,https://ztqxwbagbqenrcvjrkrh.supabase.co/storage/v1/object/public/portfolio/1774587837687-npfvn2ketz.jpg,"[""https://ztqxwbagbqenrcvjrkrh.supabase.co/storage/v1/object/public/portfolio/1774587857032-2svwotrh5f8.jpg"",""https://ztqxwbagbqenrcvjrkrh.supabase.co/storage/v1/object/public/portfolio/1774587901185-plmze8ndt.jpg"",""https://ztqxwbagbqenrcvjrkrh.supabase.co/storage/v1/object/public/portfolio/1774587966555-i5xpb0dsn4m.jpg""]",KR,21,2026-03-24 06:16:33.152+00,2026-03-27 05:06:11.548+00,false,false
326,기후행동 컨퍼런스 2023,Climate Action Conference 2023,컨퍼런스,Conference,2023-03-23,2023-03-23,서울 풀만호텔,Pullman Seoul G.EX Hotel,중규모,기후위기 대응을 위한 국내외 전문가들의 국제 컨퍼런스,International conference of domestic and global experts addressing the climate crisis,https://ztqxwbagbqenrcvjrkrh.supabase.co/storage/v1/object/public/portfolio/1774419725280-mmwbjmclg6.jpg,"[""https://ztqxwbagbqenrcvjrkrh.supabase.co/storage/v1/object/public/portfolio/1774419738717-ld9pk4hz6pc.jpg"",""https://ztqxwbagbqenrcvjrkrh.supabase.co/storage/v1/object/public/portfolio/1774419754870-w6ayhphuqub.jpg"",""https://ztqxwbagbqenrcvjrkrh.supabase.co/storage/v1/object/public/portfolio/1774419768207-vyfxqwhj21r.jpg""]",KR,39,2026-03-24 06:16:33.152+00,2026-03-25 06:23:06.243+00,true,false
327,리월드포럼 2023,ReWorld Forum 2023,포럼,Forum,2023-04-26,2023-04-26,서울드래곤시티,Seoul Dragon City Hotel,중규모,지속가능한 미래를 위한 재생 경제 포럼,Regenerative economy forum for a sustainable future,,[],KR,40,2026-03-24 06:16:33.152+00,2026-03-24 06:16:33.152+00,false,false
328,제56차 아시아개발은행 연차총회,56th ADB Annual Meeting,총회,General Assembly,2023-05-02,2023-05-05,송도컨벤시아,"Songdo Convensia, Incheon",대규모,아시아 68개국 대표단이 참가하는 ADB 연례 최대 국제회의,ADB's largest annual international meeting attended by delegations from 68 Asian nations,,[],KR,41,2026-03-24 06:16:33.152+00,2026-03-24 06:16:33.152+00,true,false
329,제20회 자동차의날,20th Automobile Day Ceremony,,,2023-05-11,2023-05-11,그랜드하얏트서울,Grand Hyatt Seoul,중규모,자동차 산업 발전을 기념하는 제20회 연례 기념행사,20th annual ceremony commemorating the development of the automotive industry,https://ztqxwbagbqenrcvjrkrh.supabase.co/storage/v1/object/public/portfolio/1774419894434-j4dibfpliu.jpg,"[""https://ztqxwbagbqenrcvjrkrh.supabase.co/storage/v1/object/public/portfolio/1774415060352-ehdl8oet6r8.jpg"",""https://ztqxwbagbqenrcvjrkrh.supabase.co/storage/v1/object/public/portfolio/1774415089547-fpuowc8ugrm.jpg"",""https://ztqxwbagbqenrcvjrkrh.supabase.co/storage/v1/object/public/portfolio/1774419917940-vbz24x9j2k.jpg""]",KR,42,2026-03-24 06:16:33.152+00,2026-03-25 06:25:21.857+00,false,false
330,제7회 글로벌 푸드 트렌드 & 테크 컨퍼런스,7th Global Food Trend & Tech Conference,컨퍼런스,Conference,2023-05-31,2023-05-31,일산 킨텍스,"KINTEX, Goyang",중규모,글로벌 푸드테크 트렌드를 선도하는 연례 컨퍼런스,Annual conference leading global food-tech trends,https://ztqxwbagbqenrcvjrkrh.supabase.co/storage/v1/object/public/portfolio/1774415353901-i9uo4413kf.jpg,"[""https://ztqxwbagbqenrcvjrkrh.supabase.co/storage/v1/object/public/portfolio/1774415290334-7y6vealygze.jpg"",""https://ztqxwbagbqenrcvjrkrh.supabase.co/storage/v1/object/public/portfolio/1774415308256-5oegzwuezqb.jpg"",""https://ztqxwbagbqenrcvjrkrh.supabase.co/storage/v1/object/public/portfolio/1774415364742-2vnyvnz6hqm.jpg""]",KR,43,2026-03-24 06:16:33.152+00,2026-03-25 05:09:31.882+00,true,false
331,GCIM 2023,GCIM 2023 (Global Congress on Integrative Medicine),컨퍼런스,Conference,2023-06-06,2023-06-09,ICC JEJU,"ICC JEJU, Jeju",대규모,통합의학 분야 글로벌 전문가들이 모이는 국제 학술 컨퍼런스,International academic conference gathering global experts in integrative medicine,,[],KR,44,2026-03-24 06:16:33.152+00,2026-03-24 06:16:33.152+00,true,false
332,TÜV Rheinland Automotive TechDay,TÜV Rheinland Automotive TechDay,컨퍼런스,Conference,2023-06-08,2023-06-08,그랜드 인터컨티넨탈 서울 파르나스,Grand InterContinental Seoul Parnas,중규모,글로벌 인증기관 TÜV 라인란드의 자동차 기술 컨퍼런스,Automotive technology conference hosted by global certification body TÜV Rheinland,https://ztqxwbagbqenrcvjrkrh.supabase.co/storage/v1/object/public/portfolio/1774587301749-a2jfb25e7h4.jpg,"[""https://ztqxwbagbqenrcvjrkrh.supabase.co/storage/v1/object/public/portfolio/1774587310105-ecncb5oz6g7.jpg"",""https://ztqxwbagbqenrcvjrkrh.supabase.co/storage/v1/object/public/portfolio/1774587328690-mcrrb0wnzg.jpg"",""https://ztqxwbagbqenrcvjrkrh.supabase.co/storage/v1/object/public/portfolio/1774587343746-y66w0jgg8zk.jpg""]",KR,45,2026-03-24 06:16:33.152+00,2026-03-27 04:55:49.93+00,true,false
333,IDEN 2023,IDEN 2023 (International Defense & Security Exhibition),컨퍼런스,Conference,2023-06-09,2023-06-09,그랜드워커힐 서울,Grand Walkerhill Seoul,중규모,국방·안보 분야 국제 전문가들이 참가하는 컨퍼런스,Conference for international experts in defense and security,,[],KR,46,2026-03-24 06:16:33.152+00,2026-03-24 06:16:33.152+00,true,false
334,QUANTUM KOREA 2023,Quantum Korea 2023,컨퍼런스,Conference,2023-06-26,2023-06-28,서울 동대문 DDP,"DDP, Seoul",대규모,양자 기술 분야 글로벌 리더들이 모이는 국제 컨퍼런스,International conference gathering global leaders in quantum technology,https://ztqxwbagbqenrcvjrkrh.supabase.co/storage/v1/object/public/portfolio/1774416496409-g7zg3zg2dsb.jpg,"[""https://ztqxwbagbqenrcvjrkrh.supabase.co/storage/v1/object/public/portfolio/1774416537627-f50c5b9hhwo.jpg"",""https://ztqxwbagbqenrcvjrkrh.supabase.co/storage/v1/object/public/portfolio/1774416571620-r8ji1zus5f.jpg"",""https://ztqxwbagbqenrcvjrkrh.supabase.co/storage/v1/object/public/portfolio/1774416596210-nev4uklbuu8.jpg""]",KR,47,2026-03-24 06:16:33.152+00,2026-03-25 05:30:03.019+00,true,false
335,XIX WFD (제19회 세계농아인대회),XIX WFD (19th World Federation of the Deaf Congress),총회,General Assembly,2023-07-11,2023-07-19,ICC JEJU,"ICC JEJU, Jeju",대규모,전 세계 농아인 대표단이 참가하는 국제 연맹 총회,World Federation of the Deaf general assembly attended by delegations worldwide,https://ztqxwbagbqenrcvjrkrh.supabase.co/storage/v1/object/public/portfolio/1774498999677-8m9vv0cdpau.jpg,"[""https://ztqxwbagbqenrcvjrkrh.supabase.co/storage/v1/object/public/portfolio/1774499013032-mxtc14fb3wi.png"",""https://ztqxwbagbqenrcvjrkrh.supabase.co/storage/v1/object/public/portfolio/1774499018781-xb1jd449c2e.jpg"",""https://ztqxwbagbqenrcvjrkrh.supabase.co/storage/v1/object/public/portfolio/1774499025908-yjgly548wj.jpg""]",KR,48,2026-03-24 06:16:33.152+00,2026-03-26 04:23:51.328+00,true,false
336,제8회 심장혈관영상CT 서밋,8th Cardiovascular Imaging CT Summit,학술대회,Academic Conference,2023-07-14,2023-07-14,가톨릭대학교 서울성모병원 옴니버스파크,"Seoul St. Mary's Hospital, Seoul",소규모,심장혈관 영상 분야 최신 기술을 공유하는 의학 서밋,Medical summit sharing the latest cardiovascular imaging CT technologies,,[],KR,49,2026-03-24 06:16:33.152+00,2026-03-27 02:22:38.986+00,false,false
337,한국MICE협회 창립 20주년 기념식,Korea MICE Association 20th Anniversary Ceremony,,,2023-08-18,2023-08-18,플로팅아일랜드,"Floating Island, Seoul",중규모,한국 MICE 산업을 이끌어 온 협회의 창립 20주년 기념 행사,20th anniversary ceremony of the association leading Korea's MICE industry,https://ztqxwbagbqenrcvjrkrh.supabase.co/storage/v1/object/public/portfolio/1774499576454-w1f7r6c8io.jpg,"[""https://ztqxwbagbqenrcvjrkrh.supabase.co/storage/v1/object/public/portfolio/1774499593727-3lt8qidxbi9.jpg"",""https://ztqxwbagbqenrcvjrkrh.supabase.co/storage/v1/object/public/portfolio/1774499598398-t2v3vecahb.jpg""]",KR,50,2026-03-24 06:16:33.152+00,2026-03-26 04:33:30.472+00,false,false
338,강원 콘텐츠 페스타,Gangwon Content Festa,기타,Other,2023-09-08,2023-09-10,KT&G 상상마당 춘천 스테이,KT&G Sangsangmadang Chuncheon Stay,중규모,강원 지역 문화콘텐츠를 선보이는 복합 문화 축제,Multi-genre cultural festival showcasing Gangwon's creative content scene,https://ztqxwbagbqenrcvjrkrh.supabase.co/storage/v1/object/public/portfolio/1774499991449-3dktn0pu14z.png,"[""https://ztqxwbagbqenrcvjrkrh.supabase.co/storage/v1/object/public/portfolio/1774499991759-gcfonnj1bv.png"",""https://ztqxwbagbqenrcvjrkrh.supabase.co/storage/v1/object/public/portfolio/1774499996958-7ehu0gysfq3.png""]",KR,51,2026-03-24 06:16:33.152+00,2026-03-26 04:40:02.992+00,false,false
339,2023 KSP 성과공유 컨퍼런스,2023 KSP Dissemination Conference,컨퍼런스,Conference,2023-09-11,2023-09-11,웨스틴조선호텔 서울,Westin Chosun Seoul,중규모,KDI 경제발전경험 공유 사업의 성과를 공유하는 국제 컨퍼런스,International conference sharing outcomes of KDI's knowledge-sharing program,https://ztqxwbagbqenrcvjrkrh.supabase.co/storage/v1/object/public/portfolio/1774500139517-fhug97aljlh.jpg,"[""https://ztqxwbagbqenrcvjrkrh.supabase.co/storage/v1/object/public/portfolio/1774500142584-8u0dbmlealu.jpeg"",""https://ztqxwbagbqenrcvjrkrh.supabase.co/storage/v1/object/public/portfolio/1774500148518-tw43hmhim8o.jpg"",""https://ztqxwbagbqenrcvjrkrh.supabase.co/storage/v1/object/public/portfolio/1774500152274-eue51fxldsl.jpg""]",KR,52,2026-03-24 06:16:33.152+00,2026-03-26 04:42:37.306+00,true,false
340,AFLAS CONGRESS,AFLAS Congress (Asian Federation of Laboratory Animal Science),학술대회,Academic Conference,2023-09-13,2023-09-16,ICC JEJU,"ICC JEJU, Jeju",대규모,아시아 실험동물과학 연합의 국제 학술 총회,International academic congress of the Asian Federation of Laboratory Animal Science,https://ztqxwbagbqenrcvjrkrh.supabase.co/storage/v1/object/public/portfolio/1774500646772-3jj61tep3dc.jpg,"[""https://ztqxwbagbqenrcvjrkrh.supabase.co/storage/v1/object/public/portfolio/1774500852555-o3q6h7tc6wr.jpeg""]",KR,53,2026-03-24 06:16:33.152+00,2026-03-26 04:54:16.904+00,true,false
341,입크페스티벌,IPRC Festival,기타,Other,2023-09-16,2023-09-17,수원월드컵경기장,"Suwon World Cup Stadium, Suwon",대규모,QR 입장권 발급 솔루션을 적용한 대형 야외 페스티벌,Large outdoor festival with QR-based ticketing and entry management solution,https://ztqxwbagbqenrcvjrkrh.supabase.co/storage/v1/object/public/portfolio/1774586833738-c732nmve8q.jpg,"[""https://ztqxwbagbqenrcvjrkrh.supabase.co/storage/v1/object/public/portfolio/1774586882314-yvsuigblup.jpg""]",KR,54,2026-03-24 06:16:33.152+00,2026-03-27 04:48:06.753+00,false,false
342,2023년도 동물보건사 연수교육,2023 Veterinary Technician Continuing Education,세미나,Seminar,2023-09-17,2023-09-17,일산 킨텍스,"KINTEX, Goyang",중규모,동물보건사 전문성 향상을 위한 연수 교육 행사,Continuing education event for enhancing veterinary technician expertise,https://ztqxwbagbqenrcvjrkrh.supabase.co/storage/v1/object/public/portfolio/1774500954450-78tjclrzj7w.jpg,"[""https://ztqxwbagbqenrcvjrkrh.supabase.co/storage/v1/object/public/portfolio/1774500958207-18ah95m530xi.jpg"",""https://ztqxwbagbqenrcvjrkrh.supabase.co/storage/v1/object/public/portfolio/1774501002825-5ol6k8v62g.jpg""]",KR,55,2026-03-24 06:16:33.152+00,2026-03-26 04:56:53.02+00,false,false
343,HRevolution,HRevolution (HR Innovation Conference),컨퍼런스,Conference,2023-09-20,2023-09-20,더케이호텔 서울,The K Hotel Seoul,중규모,HR 혁신과 미래 인재 경영을 주제로 한 컨퍼런스,Conference focused on HR innovation and future talent management,https://ztqxwbagbqenrcvjrkrh.supabase.co/storage/v1/object/public/portfolio/1774501055978-1fmzjbo6xnw.jpg,"[""https://ztqxwbagbqenrcvjrkrh.supabase.co/storage/v1/object/public/portfolio/1774501058137-n8gl6msi4f.jpg""]",KR,56,2026-03-24 06:16:33.152+00,2026-03-26 04:57:41.419+00,false,false
344,The 79th Korean Congress of Radiology (KCR 2023),The 79th Korean Congress of Radiology (KCR 2023),학술대회,Academic Conference,2023-09-20,2023-09-23,서울 코엑스,"COEX, Seoul",대규모,방사선 의학 분야 국내외 전문가들이 참가하는 연례 학술대회,Annual academic conference for domestic and international radiology specialists,https://ztqxwbagbqenrcvjrkrh.supabase.co/storage/v1/object/public/portfolio/1774418595308-ri2c7qvpeye.jpg,"[""https://ztqxwbagbqenrcvjrkrh.supabase.co/storage/v1/object/public/portfolio/1774418630350-ntp9ffu9f3.jpg"",""https://ztqxwbagbqenrcvjrkrh.supabase.co/storage/v1/object/public/portfolio/1774418662573-0i2p3phpquon.jpg"",""https://ztqxwbagbqenrcvjrkrh.supabase.co/storage/v1/object/public/portfolio/1774418712138-mktrhzgkeie.jpg""]",KR,57,2026-03-24 06:16:33.152+00,2026-03-25 06:05:15.897+00,true,false
345,KNU 진로·취창업박람회,KNU Career & Startup Expo,박람회,Expo,2023-10-04,2023-10-04,강원대학교 20주년 기념관,"Kangwon National University, Chuncheon",중규모,강원대학교 학생들의 진로와 창업을 지원하는 취창업 박람회,Career and startup fair supporting Kangwon National University students,https://ztqxwbagbqenrcvjrkrh.supabase.co/storage/v1/object/public/portfolio/1774501185220-sgst245rhj.jpeg,"[""https://ztqxwbagbqenrcvjrkrh.supabase.co/storage/v1/object/public/portfolio/1774501189159-nzuya6t2zda.jpg""]",KR,58,2026-03-24 06:16:33.152+00,2026-03-26 04:59:53.288+00,false,false
346,2023 World Korean Business Convention,2023 World Korean Business Convention,컨퍼런스,Conference,2023-10-11,2023-10-13,Anaheim Convention Center,"Anaheim Convention Center, CA, USA",대규모,전 세계 한인 기업인들이 미국에서 모이는 글로벌 비즈니스 컨벤션,Global business convention for Korean entrepreneurs held in the United States,https://ztqxwbagbqenrcvjrkrh.supabase.co/storage/v1/object/public/portfolio/1774510195614-wve8dtm3z4.jpg,"[""https://ztqxwbagbqenrcvjrkrh.supabase.co/storage/v1/object/public/portfolio/1774510204424-79wb3pfplw8.jpg"",""https://ztqxwbagbqenrcvjrkrh.supabase.co/storage/v1/object/public/portfolio/1774510210068-zxv5pjn0orn.jpg"",""https://ztqxwbagbqenrcvjrkrh.supabase.co/storage/v1/object/public/portfolio/1774510217368-x975sz69drc.jpg"",""https://ztqxwbagbqenrcvjrkrh.supabase.co/storage/v1/object/public/portfolio/1774510237284-z09nt88e03j.jpg"",""https://ztqxwbagbqenrcvjrkrh.supabase.co/storage/v1/object/public/portfolio/1774510240470-d3q18gi0bi.jpeg""]",US,59,2026-03-24 06:16:33.152+00,2026-03-26 07:30:53.905+00,true,false
347,CSI KOREA 2023,CSI Korea 2023 (Customer Service Innovation Korea),컨퍼런스,Conference,2023-10-18,2023-10-20,송도컨벤시아,"Songdo Convensia, Incheon",대규모,고객 서비스 혁신 분야 글로벌 전문가들의 국제 컨퍼런스,International conference for global experts in customer service innovation,https://ztqxwbagbqenrcvjrkrh.supabase.co/storage/v1/object/public/portfolio/1774510578879-fjw3d9216mg.jpg,"[""https://ztqxwbagbqenrcvjrkrh.supabase.co/storage/v1/object/public/portfolio/1774510583437-3gdv1tyxrco.jpg"",""https://ztqxwbagbqenrcvjrkrh.supabase.co/storage/v1/object/public/portfolio/1774510587527-ljgvpmfw41d.jpg""]",KR,60,2026-03-24 06:16:33.152+00,2026-03-26 07:38:03.815+00,true,false
348,제20회 대한민국 코칭컨페스티벌,20th Korea Coaching Confestival,기타,Other,2023-10-25,2023-10-25,대한상공회의소,"Korea Chamber of Commerce & Industry, Seoul",중규모,코칭 문화 확산을 위한 제20회 연례 컨페스티벌,20th annual confestival promoting coaching culture in Korea,https://ztqxwbagbqenrcvjrkrh.supabase.co/storage/v1/object/public/portfolio/1774512282566-uczt81txaxk.jpg,"[""https://ztqxwbagbqenrcvjrkrh.supabase.co/storage/v1/object/public/portfolio/1774512282921-0de48s4xbkxq.jpeg"",""https://ztqxwbagbqenrcvjrkrh.supabase.co/storage/v1/object/public/portfolio/1774512288045-e4e92pdlbau.jpeg""]",KR,62,2026-03-24 06:16:33.152+00,2026-03-26 08:04:58.992+00,false,false
349,제12회 이데일리 W페스타,12th Edaily W Festa,컨퍼런스,Conference,2023-10-26,2023-10-26,서울 코엑스,"COEX, Seoul",대규모,여성 리더십과 사회 혁신을 주제로 한 이데일리 주최 컨퍼런스,Edaily-hosted conference focused on women's leadership and social innovation,https://ztqxwbagbqenrcvjrkrh.supabase.co/storage/v1/object/public/portfolio/1774511895359-56w1aekdvsv.jpg,"[""https://ztqxwbagbqenrcvjrkrh.supabase.co/storage/v1/object/public/portfolio/1774512112690-faznzfuk2gi.jpg""]",KR,63,2026-03-24 06:16:33.152+00,2026-03-26 08:04:16.201+00,false,false
350,ABU 2023 SEOUL,ABU 2023 Seoul (Asia-Pacific Broadcasting Union General Assembly),총회,General Assembly,2023-10-28,2023-11-01,"KBS, 콘래드 호텔 서울",KBS & Conrad Seoul,대규모,아시아·태평양 방송연합 연례 총회 및 관련 행사,Annual general assembly of the Asia-Pacific Broadcasting Union,https://ztqxwbagbqenrcvjrkrh.supabase.co/storage/v1/object/public/portfolio/1774511046963-qyx1h6vq8o.jpg,"[""https://ztqxwbagbqenrcvjrkrh.supabase.co/storage/v1/object/public/portfolio/1774511054542-56cxy5xslss.jpg""]",KR,64,2026-03-24 06:16:33.152+00,2026-03-26 07:44:35.175+00,true,false
351,Korea Eureka Day 2023 코리아유레카데이,Korea Eureka Day 2023,컨퍼런스,Conference,2023-10-30,2023-10-30,롯데호텔서울,Lotte Hotel Seoul,중규모,한-유럽 혁신 기술 협력을 위한 국제 컨퍼런스,International conference for Korea-Europe innovation and technology cooperation,https://ztqxwbagbqenrcvjrkrh.supabase.co/storage/v1/object/public/portfolio/1774511269187-car85dbh4hv.jpg,"[""https://ztqxwbagbqenrcvjrkrh.supabase.co/storage/v1/object/public/portfolio/1774511292934-yal1q76vzwr.jpg"",""https://ztqxwbagbqenrcvjrkrh.supabase.co/storage/v1/object/public/portfolio/1774511346282-okijxg4rsyo.jpg"",""https://ztqxwbagbqenrcvjrkrh.supabase.co/storage/v1/object/public/portfolio/1774511381229-3tsko6u49an.jpg""]",KR,65,2026-03-24 06:16:33.152+00,2026-03-26 07:49:45.48+00,true,false
352,2023 한국해양학회 추계학술대회,2023 Korean Society of Oceanography Autumn Conference,학술대회,Academic Conference,2023-11-01,2023-11-03,서울대학교 시흥캠퍼스 컨벤션센터,Seoul National University Siheung Campus,중규모,해양 과학 분야 국내 연구자들이 모이는 추계 학술대회,Autumn academic conference for Korean oceanography researchers,https://ztqxwbagbqenrcvjrkrh.supabase.co/storage/v1/object/public/portfolio/1774510921861-4rle81mezhx.jpg,"[""https://ztqxwbagbqenrcvjrkrh.supabase.co/storage/v1/object/public/portfolio/1774510937250-u6yd5iucrss.jpg"",""https://ztqxwbagbqenrcvjrkrh.supabase.co/storage/v1/object/public/portfolio/1774510945076-v2tv2333uaj.jpg"",""https://ztqxwbagbqenrcvjrkrh.supabase.co/storage/v1/object/public/portfolio/1774510961568-6koel66neh4.jpg""]",KR,66,2026-03-24 06:16:33.152+00,2026-03-26 07:42:45.486+00,false,false
353,MIDAS SQUARE 24,MIDAS Square 24,기타,Other,2023-11-14,2023-11-16,서울 코엑스,"COEX, Seoul",대규모,미래 산업과 기술 트렌드를 선보이는 복합 전시 행사,Multi-sector exhibition event showcasing future industry and technology trends,https://ztqxwbagbqenrcvjrkrh.supabase.co/storage/v1/object/public/portfolio/1774490114060-32eohge2ns.jpg,"[""https://ztqxwbagbqenrcvjrkrh.supabase.co/storage/v1/object/public/portfolio/1774490123832-ism8rtrjv.jpg"",""https://ztqxwbagbqenrcvjrkrh.supabase.co/storage/v1/object/public/portfolio/1774490257878-biuzcj7zd0t.jpg"",""https://ztqxwbagbqenrcvjrkrh.supabase.co/storage/v1/object/public/portfolio/1774490866576-eqc2l42b41b.jpg""]",KR,67,2026-03-24 06:16:33.152+00,2026-03-26 02:07:52.419+00,false,false
354,Edaily IT Convergence Forum,Edaily IT Convergence Forum,포럼,Forum,2023-11-21,2023-11-21,서울 FKI타워,"FKI Tower, Seoul",소규모,IT 융합 산업의 현재와 미래를 논의하는 이데일리 주최 포럼,Edaily-hosted forum discussing the present and future of IT convergence industries,https://ztqxwbagbqenrcvjrkrh.supabase.co/storage/v1/object/public/portfolio/1774489678521-nowaguwqhjr.jpg,"[""https://ztqxwbagbqenrcvjrkrh.supabase.co/storage/v1/object/public/portfolio/1774489693915-kkm2sz0yejq.jpg"",""https://ztqxwbagbqenrcvjrkrh.supabase.co/storage/v1/object/public/portfolio/1774489701924-q9lybpu5i6.jpg"",""https://ztqxwbagbqenrcvjrkrh.supabase.co/storage/v1/object/public/portfolio/1774489711085-es8l8mh16us.jpg""]",KR,68,2026-03-24 06:16:33.152+00,2026-03-26 01:48:38.667+00,false,false
355,제31회 고객중심 경영혁신 컨퍼런스,31st Customer-Centric Management Innovation Conference,컨퍼런스,Conference,2023-11-07,2023-11-07,일산 킨텍스,"KINTEX, Goyang",중규모,고객 중심 경영 혁신을 주제로 한 연례 컨퍼런스,Annual conference on customer-centric management innovation,https://ztqxwbagbqenrcvjrkrh.supabase.co/storage/v1/object/public/portfolio/1774489484372-ll9rf9fe0f.jpg,"[""https://ztqxwbagbqenrcvjrkrh.supabase.co/storage/v1/object/public/portfolio/1774489556712-wbmnqaw8t8.jpg"",""https://ztqxwbagbqenrcvjrkrh.supabase.co/storage/v1/object/public/portfolio/1774489567280-e9lj3ghw4ra.jpg"",""https://ztqxwbagbqenrcvjrkrh.supabase.co/storage/v1/object/public/portfolio/1774489615671-4g61g22s12k.jpg""]",KR,69,2026-03-24 06:16:33.152+00,2026-03-26 01:47:25.933+00,false,false
356,CTO AI Conference,CTO AI Conference,컨퍼런스,Conference,2023-11-07,2023-11-08,화성 롤링힐스 호텔,"Rolling Hills Hotel, Hwaseong",소규모,AI 기술 전략을 논의하는 CTO 전용 컨퍼런스,Exclusive conference for CTOs discussing AI technology strategy,https://ztqxwbagbqenrcvjrkrh.supabase.co/storage/v1/object/public/portfolio/1774420994018-ub518cj4gsr.jpg,"[""https://ztqxwbagbqenrcvjrkrh.supabase.co/storage/v1/object/public/portfolio/1774421003115-ymzts9kg91i.jpg"",""https://ztqxwbagbqenrcvjrkrh.supabase.co/storage/v1/object/public/portfolio/1774421027124-hkalkwvuokk.jpg"",""https://ztqxwbagbqenrcvjrkrh.supabase.co/storage/v1/object/public/portfolio/1774421044093-glo49owjk4m.jpg""]",KR,70,2026-03-24 06:16:33.152+00,2026-03-25 07:00:17.781+00,false,false
357,UNWTO 연계 지속가능한 관광 컨퍼런스,UNWTO-Linked Sustainable Tourism Conference,컨퍼런스,Conference,2023-11-16,2023-11-16,소피텔 엠배서더 서울 호텔,Sofitel Ambassador Seoul Hotel,중규모,UN세계관광기구와 연계한 지속가능 관광 국제 컨퍼런스,International sustainable tourism conference linked with UNWTO,,[],KR,71,2026-03-24 06:16:33.152+00,2026-03-24 06:16:33.152+00,true,false
358,2023 강릉 마이스 도시포럼,2023 Gangneung MICE City Forum,포럼,Forum,2023-11-24,2023-11-24,삼척 라카이샌드,"Lakai Sand, Samcheok",소규모,강릉의 MICE 도시 발전 방향을 논의하는 전문가 포럼,Expert forum discussing the direction of Gangneung's MICE city development,https://ztqxwbagbqenrcvjrkrh.supabase.co/storage/v1/object/public/portfolio/1774420708471-ve2rmgoclo.bmp,"[""https://ztqxwbagbqenrcvjrkrh.supabase.co/storage/v1/object/public/portfolio/1774420725221-96402okznhm.bmp"",""https://ztqxwbagbqenrcvjrkrh.supabase.co/storage/v1/object/public/portfolio/1774420739144-nh6auzpr2.bmp"",""https://ztqxwbagbqenrcvjrkrh.supabase.co/storage/v1/object/public/portfolio/1774420756878-tusrwksk5ks.bmp""]",KR,72,2026-03-24 06:16:33.152+00,2026-03-25 06:39:22.364+00,false,false
359,수원뷰티페스타 2023,Suwon Beauty Festa 2023,박람회,Expo,2023-11-24,2023-11-26,수원컨벤션센터,"Suwon Convention Center, Suwon",대규모,뷰티 산업 브랜드와 소비자가 만나는 대형 뷰티 박람회,Large-scale beauty expo connecting beauty brands with consumers,https://ztqxwbagbqenrcvjrkrh.supabase.co/storage/v1/object/public/portfolio/1774420068943-ted9cq37ovq.jpg,"[""https://ztqxwbagbqenrcvjrkrh.supabase.co/storage/v1/object/public/portfolio/1774420079641-t3lkuucn85l.jpg"",""https://ztqxwbagbqenrcvjrkrh.supabase.co/storage/v1/object/public/portfolio/1774420102996-3k6qs39ixuo.jpg"",""https://ztqxwbagbqenrcvjrkrh.supabase.co/storage/v1/object/public/portfolio/1774420142516-1r2cct1gh9n.jpg""]",KR,73,2026-03-24 06:16:33.152+00,2026-03-25 06:29:06.619+00,false,false
360,마이스人 쇼,MICE People Show,컨퍼런스,Conference,2023-11-23,2023-11-23,인천 파라다이스시티 호텔,"Paradise City Hotel, Incheon",중규모,MICE 업계 종사자들의 네트워킹과 정보 교류를 위한 연례 행사,Annual event for MICE industry professionals to network and share insights,,[],KR,74,2026-03-24 06:16:33.152+00,2026-03-24 06:16:33.152+00,false,false
361,대한민국여성과학기술인대회,Korea Women Scientists & Engineers Conference,컨퍼런스,Conference,2023-11-23,2023-11-23,서울 한국과학기술회관,"Korea Science and Technology Hall, Seoul",중규모,여성 과학기술인의 역량 강화와 네트워킹을 위한 연례 대회,Annual conference empowering women in science and engineering in Korea,https://ztqxwbagbqenrcvjrkrh.supabase.co/storage/v1/object/public/portfolio/1774419569874-4eahm54u9p6.jpg,"[""https://ztqxwbagbqenrcvjrkrh.supabase.co/storage/v1/object/public/portfolio/1774419590457-kzpikuiresr.jpg"",""https://ztqxwbagbqenrcvjrkrh.supabase.co/storage/v1/object/public/portfolio/1774419625394-01psj72zl8dc.jpg"",""https://ztqxwbagbqenrcvjrkrh.supabase.co/storage/v1/object/public/portfolio/1774419654962-avxjinsrhz7.jpg""]",KR,75,2026-03-24 06:16:33.152+00,2026-03-25 06:20:59.875+00,false,false
362,2023 해양수산과학기술주간,"2023 Marine, Fisheries Science & Technology Week",기타,Other,2023-12-19,2023-12-21,서울 코엑스,"COEX, Seoul",대규모,해양수산 과학기술의 성과를 공유하는 정부 주관 기술주간,Government-organized technology week showcasing marine and fisheries science achievements,https://ztqxwbagbqenrcvjrkrh.supabase.co/storage/v1/object/public/portfolio/1774418910866-8tbi0omx7f6.jpg,"[""https://ztqxwbagbqenrcvjrkrh.supabase.co/storage/v1/object/public/portfolio/1774418921445-45pojjz13et.jpg"",""https://ztqxwbagbqenrcvjrkrh.supabase.co/storage/v1/object/public/portfolio/1774418932755-79hr8tm9bib.jpg"",""https://ztqxwbagbqenrcvjrkrh.supabase.co/storage/v1/object/public/portfolio/1774418945750-4cnc7r58mb3.jpg""]",KR,76,2026-03-24 06:16:33.152+00,2026-03-25 06:09:09.812+00,false,false
363,KOREA MICE EXPO 2023,Korea MICE Expo 2023,박람회,Expo,2023-11-16,2023-11-17,송도 컨벤시아,"Songdo Convensia, Incheon",대규모,국내 MICE 산업의 최신 트렌드를 한눈에 볼 수 있는 연례 엑스포,Annual expo showcasing the latest trends in Korea's MICE industry,https://ztqxwbagbqenrcvjrkrh.supabase.co/storage/v1/object/public/portfolio/1774491217945-j4qctxy8m5b.jpg,"[""https://ztqxwbagbqenrcvjrkrh.supabase.co/storage/v1/object/public/portfolio/1774491230614-y7umo24fsas.jpg"",""https://ztqxwbagbqenrcvjrkrh.supabase.co/storage/v1/object/public/portfolio/1774491259138-laanwg4a2d.jpg"",""https://ztqxwbagbqenrcvjrkrh.supabase.co/storage/v1/object/public/portfolio/1774491290675-eea4dz2v8zd.jpg""]",KR,77,2026-03-24 06:16:33.152+00,2026-03-26 02:14:55.357+00,false,false
364,2023 관광두레 전국대회 「이음두레」,2023 Tourism Dure National Convention 'Eeum Dure',컨퍼런스,Conference,2023-11-17,2023-11-17,서울 드래곤시티,Seoul Dragon City Hotel,중규모,지역 관광 공동체 활성화를 위한 문화체육관광부 주관 전국 대회,Ministry of Culture-sponsored national convention for local tourism community development,https://ztqxwbagbqenrcvjrkrh.supabase.co/storage/v1/object/public/portfolio/1774572971763-ootb18ranxf.jpg,"[""https://ztqxwbagbqenrcvjrkrh.supabase.co/storage/v1/object/public/portfolio/1774572973899-f4n6swo0opi.jpg"",""https://ztqxwbagbqenrcvjrkrh.supabase.co/storage/v1/object/public/portfolio/1774572976892-rzcg2ge2c1.jpg""]",KR,78,2026-03-24 06:16:33.152+00,2026-03-27 00:57:10.912+00,false,false
365,제3차 K-퀀텀스퀘어미팅,3rd K-Quantum Square Meeting,컨퍼런스,Conference,2024-01-10,2024-01-10,JW메리어트호텔,JW Marriott Hotel Seoul,소규모,국내 양자 기술 연구자와 산업계가 참여하는 정기 미팅,Regular meeting for quantum technology researchers and industry stakeholders in Korea,https://ztqxwbagbqenrcvjrkrh.supabase.co/storage/v1/object/public/portfolio/1774586251167-ypcgawfxwq.jpg,"[""https://ztqxwbagbqenrcvjrkrh.supabase.co/storage/v1/object/public/portfolio/1774586319643-uir0yy3ed5.jpg"",""https://ztqxwbagbqenrcvjrkrh.supabase.co/storage/v1/object/public/portfolio/1774586330437-l8bqzd15i3e.jpg"",""https://ztqxwbagbqenrcvjrkrh.supabase.co/storage/v1/object/public/portfolio/1774586358714-xu00xor3n.jpg""]",KR,79,2026-03-24 06:16:33.152+00,2026-03-27 04:39:24.431+00,false,false
392,2023 KSP Dissemination Conference,,,,2023-09-11,,,,,,,,[],KR,0,2026-03-25 01:55:37.264926+00,2026-03-27 04:57:39.036+00,false,false
422,CCC(Creators Community Club),,,,2022-07-28,2022-08-27,,,,,,https://fairpass.world/data/file/portfolio/f25454840f7fc521405640e92a446028_aFA1ZK3e_688cf35b647c60f174ccb62b7110327c68b59ecd.jpg,[],KR,0,2026-03-25 01:55:52.487567+00,2026-03-25 01:55:52.353+00,false,false